{
    "employees": [
        {
            "uid": 1,
            "name": "John Doe",
            "position": "Fisherman",
            "ssn": "123-45-6789",
            "address": "123 Main St, Detroit, MI 44444",
            "email": "john.doe@example.com",
            "phonenumber": "123-456-7890",
            "skills": "Fishing, Boating, Sailing"
        },
        {
            "uid": 2,
            "name": "Jane Smith",
            "position": "Programmer",
            "ssn": "987-65-4321",
            "address": "456 Martin Luther King St, Detroit, MI 44333",
            "email": "jane.smith@example.com",
            "phonenumber": "987-654-3210",
            "skills": "Python, R, SQL"
        },
        {
            "uid": 3,
            "name": "fish burns",
            "position": "CAO",
            "ssn": "123-55-2233",
            "address": "555 aqua blvd",
            "email": "fishboy@fish.co",
            "phonenumber": "444-124-1244",
            "skills": "Swimming"
        },
        {
            "uid": 4,
            "name": "Jonathan Hobbs",
            "position": "Radiation protection practitioner",
            "ssn": "798-14-9668",
            "address": "41544 Jason Burg, Sanchezmouth, RI 54112",
            "email": "laurasmith@example.org",
            "phonenumber": "487-608-4212",
            "skills": "Public Speaking, Network Security, Graphic Design, Search Engine Optimization (SEO)"
        },
        {
            "uid": 5,
            "name": "Jacob Hester",
            "position": "Administrator",
            "ssn": "492-70-0028",
            "address": "340 Mckinney Station, Ryanside, GU 98238",
            "email": "jlee@example.net",
            "phonenumber": "840-724-2984",
            "skills": "Event Planning, HTML, R, Foreign Language Translation"
        },
        {
            "uid": 6,
            "name": "Shawn Porter",
            "position": "Claims inspector/assessor",
            "ssn": "517-36-2586",
            "address": "Unit 8058 Box 8391, DPO AA 50471",
            "email": "wellsmarvin@example.net",
            "phonenumber": "996-269-4157",
            "skills": "Search Engine Optimization (SEO), Welding, 3D Modeling, Foreign Language Translation, HTML"
        },
        {
            "uid": 7,
            "name": "Lance Wilson",
            "position": "Scientist, research (maths)",
            "ssn": "528-48-8898",
            "address": "176 Miranda Drives Apt. 596, New Chad, NH 16222",
            "email": "zweber@example.org",
            "phonenumber": "633-967-6850",
            "skills": "Boating, Fishing, CSS, Cloud Computing, Machine Learning"
        },
        {
            "uid": 8,
            "name": "Breanna Armstrong",
            "position": "Clinical molecular geneticist",
            "ssn": "255-28-1345",
            "address": "22123 Melendez Fields, New Ryan, WI 80575",
            "email": "christopher68@example.com",
            "phonenumber": "298-838-1068",
            "skills": "Search Engine Optimization (SEO), Digital Marketing, Robotics, Data Analysis"
        },
        {
            "uid": 9,
            "name": "Kayla Grant",
            "position": "Glass blower/designer",
            "ssn": "701-34-8991",
            "address": "9631 Mcgrath Lights Apt. 240, Clarkview, IN 02086",
            "email": "tracey40@example.net",
            "phonenumber": "410-549-8844",
            "skills": "Python, HTML"
        },
        {
            "uid": 10,
            "name": "Nicholas Hogan",
            "position": "Radiographer, therapeutic",
            "ssn": "883-24-8911",
            "address": "Unit 7194 Box 7946, DPO AA 11284",
            "email": "jgardner@example.org",
            "phonenumber": "965-776-6891",
            "skills": "Photography, Event Planning, Boating, SQL, Fishing"
        },
        {
            "uid": 11,
            "name": "Amber Johnson",
            "position": "Museum/gallery curator",
            "ssn": "252-72-6393",
            "address": "80012 Brady Summit Suite 430, Port Pam, NM 49735",
            "email": "bennettchristopher@example.net",
            "phonenumber": "755-609-2472",
            "skills": "Python"
        },
        {
            "uid": 12,
            "name": "Barry Miller",
            "position": "Designer, furniture",
            "ssn": "040-41-0324",
            "address": "044 Andrea Port Suite 425, West Anthonyland, VT 34387",
            "email": "nguyenfrances@example.com",
            "phonenumber": "534-928-9619x92243",
            "skills": "Fishing, CSS, Cloud Computing, Mobile App Development"
        },
        {
            "uid": 13,
            "name": "Darryl Francis",
            "position": "Counsellor",
            "ssn": "513-60-0900",
            "address": "796 Cruz Fords, Bradleyland, DC 49853",
            "email": "melissalawrence@example.com",
            "phonenumber": "(765)425-9156",
            "skills": "3D Modeling, Fishing, Boating, Music Production"
        },
        {
            "uid": 14,
            "name": "Sara Gordon",
            "position": "Surgeon",
            "ssn": "668-06-6172",
            "address": "345 Ward Trail, Nicolebury, MT 08029",
            "email": "barnettlinda@example.com",
            "phonenumber": "282-429-7177",
            "skills": "Floral Design, SQL, Network Security, Data Analysis"
        },
        {
            "uid": 15,
            "name": "Patricia King",
            "position": "Stage manager",
            "ssn": "343-74-1986",
            "address": "0687 Joseph Mews Suite 563, Johnsonshire, MH 68293",
            "email": "markpollard@example.net",
            "phonenumber": "154-977-7951",
            "skills": "Mobile App Development, Game Development, SQL"
        },
        {
            "uid": 16,
            "name": "Charles Bush",
            "position": "Health physicist",
            "ssn": "186-93-1911",
            "address": "03435 Holmes Bypass, New James, AS 26464",
            "email": "rhondacochran@example.org",
            "phonenumber": "261-425-7321",
            "skills": "Graphic Design, R, Sailing"
        },
        {
            "uid": 17,
            "name": "Scott Edwards",
            "position": "Engineer, electronics",
            "ssn": "811-77-2178",
            "address": "01858 Charles Vista, Martinview, NC 66045",
            "email": "eweaver@example.org",
            "phonenumber": "285-148-3412",
            "skills": "Sailing, Fishing, JavaScript, E-commerce Management, Data Analysis"
        },
        {
            "uid": 18,
            "name": "Sara Palmer",
            "position": "Artist",
            "ssn": "727-71-4383",
            "address": "USNS Martinez, FPO AA 72844",
            "email": "amandaroberts@example.com",
            "phonenumber": "457-309-2101",
            "skills": "Copywriting"
        },
        {
            "uid": 19,
            "name": "Timothy Morrow",
            "position": "Call centre manager",
            "ssn": "534-15-2546",
            "address": "8720 Christian Trafficway Apt. 035, North Shawn, KY 79442",
            "email": "tmitchell@example.net",
            "phonenumber": "290-054-3411",
            "skills": "Robotics, CSS, JavaScript, Digital Marketing, Swimming"
        },
        {
            "uid": 20,
            "name": "Anita Winters",
            "position": "Structural engineer",
            "ssn": "377-41-2921",
            "address": "66963 Edwards Harbors, New Ashley, CO 49967",
            "email": "asmith@example.com",
            "phonenumber": "646-976-9813",
            "skills": "Digital Marketing, Graphic Design, Sailing, HTML, Network Security"
        },
        {
            "uid": 21,
            "name": "John Pace",
            "position": "Public relations account executive",
            "ssn": "235-45-7404",
            "address": "369 Martinez River Apt. 081, East James, DC 09182",
            "email": "starkkarl@example.com",
            "phonenumber": "606-015-3777",
            "skills": "E-commerce Management, HTML"
        },
        {
            "uid": 22,
            "name": "Donna Williams",
            "position": "Chartered legal executive (England and Wales)",
            "ssn": "595-95-4765",
            "address": "06721 Brown Prairie Suite 961, South Lori, IN 45890",
            "email": "fisherfrancisco@example.net",
            "phonenumber": "401-574-1858",
            "skills": "Search Engine Optimization (SEO), Swimming"
        },
        {
            "uid": 23,
            "name": "Robert Good",
            "position": "Wellsite geologist",
            "ssn": "084-04-1717",
            "address": "640 Colton Circle, Ballardchester, SC 97109",
            "email": "joseph84@example.net",
            "phonenumber": "357-969-0581",
            "skills": "Fishing, Sailing, Swimming, Search Engine Optimization (SEO)"
        },
        {
            "uid": 24,
            "name": "Christopher Yu",
            "position": "English as a foreign language teacher",
            "ssn": "877-69-1389",
            "address": "6816 Linda Rapid Suite 490, Morrisland, FM 90065",
            "email": "robertsmatthew@example.org",
            "phonenumber": "300-927-7721",
            "skills": "3D Modeling, Welding"
        },
        {
            "uid": 25,
            "name": "Michelle Perez",
            "position": "Psychologist, counselling",
            "ssn": "258-16-4382",
            "address": "45438 Mccarthy Road, New Lindachester, MT 70408",
            "email": "jason37@example.net",
            "phonenumber": "390-995-5063",
            "skills": "HTML, Foreign Language Translation, Robotics, Photography"
        },
        {
            "uid": 26,
            "name": "Cory Rocha",
            "position": "Community arts worker",
            "ssn": "672-61-6525",
            "address": "864 Alison Vista Suite 250, Danaland, AR 91176",
            "email": "brownsusan@example.org",
            "phonenumber": "037-504-9459",
            "skills": "Graphic Design, SQL"
        },
        {
            "uid": 27,
            "name": "Tracy Stevenson",
            "position": "Textile designer",
            "ssn": "637-79-0716",
            "address": "9057 Goodwin Burg Suite 525, Matthewville, KS 13071",
            "email": "vwhite@example.net",
            "phonenumber": "188-349-1413",
            "skills": "Boating, Fishing, Mobile App Development, Event Planning, E-commerce Management"
        },
        {
            "uid": 28,
            "name": "Rebecca Adams",
            "position": "Museum/gallery conservator",
            "ssn": "394-60-7719",
            "address": "838 Dennis Lake Suite 331, Port Tammy, DC 10563",
            "email": "tomharris@example.net",
            "phonenumber": "072-485-2961",
            "skills": "Copywriting, Public Speaking"
        },
        {
            "uid": 29,
            "name": "Caroline Castaneda",
            "position": "Development worker, international aid",
            "ssn": "128-44-7757",
            "address": "792 Wayne Lodge Suite 288, Joshuabury, MS 40720",
            "email": "carrdenise@example.net",
            "phonenumber": "632-427-6669",
            "skills": "Cloud Computing, Music Production, Python, Boating, Fishing"
        },
        {
            "uid": 30,
            "name": "Steven Carson",
            "position": "Customer service manager",
            "ssn": "819-87-4375",
            "address": "681 Lewis Shores Suite 341, North Lisaville, UT 30605",
            "email": "elizabeth75@example.net",
            "phonenumber": "484-015-0451",
            "skills": "Network Security, Boating, Data Analysis, Copywriting, Robotics"
        },
        {
            "uid": 31,
            "name": "Molly Brandt",
            "position": "Solicitor",
            "ssn": "380-25-6400",
            "address": "7969 Kenneth Tunnel, Levinefurt, MT 30051",
            "email": "alexandergarcia@example.org",
            "phonenumber": "840-834-0996",
            "skills": "Robotics"
        },
        {
            "uid": 32,
            "name": "George Rogers",
            "position": "Brewing technologist",
            "ssn": "390-05-6881",
            "address": "USS Santiago, FPO AA 62758",
            "email": "hunterowens@example.org",
            "phonenumber": "662-339-7146",
            "skills": "CSS, Swimming"
        },
        {
            "uid": 33,
            "name": "Chase Thompson",
            "position": "Stage manager",
            "ssn": "165-86-4319",
            "address": "USCGC Johns, FPO AP 65573",
            "email": "amanda85@example.net",
            "phonenumber": "659-749-9994",
            "skills": "Search Engine Optimization (SEO), JavaScript, Sailing, Cloud Computing, Event Planning"
        },
        {
            "uid": 34,
            "name": "Susan Bell",
            "position": "Museum/gallery exhibitions officer",
            "ssn": "413-48-0286",
            "address": "8386 Murray Glen Suite 897, North Thomas, SC 67907",
            "email": "griffinjonathan@example.com",
            "phonenumber": "907-996-6199",
            "skills": "Data Analysis, Copywriting, Boating, Fishing"
        },
        {
            "uid": 35,
            "name": "Heidi Landry",
            "position": "Journalist, newspaper",
            "ssn": "551-59-0924",
            "address": "0939 Linda Trace, Hallstad, CT 92050",
            "email": "angela90@example.net",
            "phonenumber": "465-732-5332",
            "skills": "Mobile App Development, Photography, Game Development, R, Public Speaking"
        },
        {
            "uid": 36,
            "name": "David Flores",
            "position": "Regulatory affairs officer",
            "ssn": "169-04-7335",
            "address": "3407 Miller Brooks Suite 123, North Maxwell, OH 20648",
            "email": "taylorautumn@example.org",
            "phonenumber": "812-979-8098",
            "skills": "Network Security"
        },
        {
            "uid": 37,
            "name": "Samuel Washington Jr.",
            "position": "Airline pilot",
            "ssn": "165-39-3994",
            "address": "2538 Joseph Locks, Lake Kimberly, IL 08566",
            "email": "timothy07@example.net",
            "phonenumber": "021-939-3973",
            "skills": "HTML, Graphic Design"
        },
        {
            "uid": 38,
            "name": "Kirsten Kennedy",
            "position": "Engineer, materials",
            "ssn": "281-73-6154",
            "address": "49292 Adams Islands Apt. 879, Lake Tara, AS 56014",
            "email": "megan60@example.net",
            "phonenumber": "179-747-2021",
            "skills": "Search Engine Optimization (SEO)"
        },
        {
            "uid": 39,
            "name": "Brian Davis",
            "position": "Secretary/administrator",
            "ssn": "683-60-3873",
            "address": "648 Meagan Junction Apt. 464, Gardnermouth, SC 99619",
            "email": "megan00@example.org",
            "phonenumber": "894-478-3668",
            "skills": "Graphic Design, Boating"
        },
        {
            "uid": 40,
            "name": "Brad Davis",
            "position": "Clinical biochemist",
            "ssn": "524-46-5641",
            "address": "USCGC Castro, FPO AP 68337",
            "email": "aperez@example.net",
            "phonenumber": "544-121-0693",
            "skills": "Mobile App Development, Photography, Fishing, 3D Modeling, Floral Design"
        },
        {
            "uid": 41,
            "name": "Ashley Larson",
            "position": "Geochemist",
            "ssn": "394-41-6301",
            "address": "0810 Higgins Cliffs, Castanedaland, PW 64597",
            "email": "charles60@example.net",
            "phonenumber": "947-169-8859",
            "skills": "Copywriting, HTML"
        },
        {
            "uid": 42,
            "name": "Stephen Rodriguez",
            "position": "Accountant, chartered certified",
            "ssn": "466-43-8860",
            "address": "95350 Brenda Common Suite 032, Walterport, MN 63178",
            "email": "acook@example.org",
            "phonenumber": "461-290-2563",
            "skills": "Data Analysis, CSS, Welding, SQL, Machine Learning"
        },
        {
            "uid": 43,
            "name": "Catherine Walter",
            "position": "Clinical research associate",
            "ssn": "111-11-3933",
            "address": "12757 Martin Park, New Branditon, FM 86885",
            "email": "isaiahbuchanan@example.net",
            "phonenumber": "310-689-2768",
            "skills": "Copywriting, Fishing, Foreign Language Translation, Mobile App Development"
        },
        {
            "uid": 44,
            "name": "Steven Garcia",
            "position": "Environmental consultant",
            "ssn": "815-69-6161",
            "address": "93670 Chung Parks Suite 833, Aguirreland, MI 12475",
            "email": "pamela18@example.com",
            "phonenumber": "896-657-6681",
            "skills": "Copywriting"
        },
        {
            "uid": 45,
            "name": "Ryan Simmons",
            "position": "Automotive engineer",
            "ssn": "429-82-2488",
            "address": "USCGC Wilson, FPO AA 66941",
            "email": "rodriguezrachael@example.com",
            "phonenumber": "794-784-1094",
            "skills": "Mobile App Development, 3D Modeling"
        },
        {
            "uid": 46,
            "name": "Michael Liu",
            "position": "Civil engineer, contracting",
            "ssn": "507-88-0792",
            "address": "996 Johnson Spring, Port Adammouth, MP 35701",
            "email": "russogeorge@example.com",
            "phonenumber": "632-278-0108",
            "skills": "Floral Design, Copywriting, Python"
        },
        {
            "uid": 47,
            "name": "Daniel Franco",
            "position": "Lighting technician, broadcasting/film/video",
            "ssn": "186-21-0864",
            "address": "365 Dixon Turnpike Suite 905, Johnsonton, OR 46525",
            "email": "murphyrebecca@example.com",
            "phonenumber": "286-774-8716",
            "skills": "Robotics"
        },
        {
            "uid": 48,
            "name": "Lawrence Ramirez",
            "position": "Web designer",
            "ssn": "798-35-6517",
            "address": "5747 Kristina Lights, Hillport, NE 20259",
            "email": "ysmith@example.com",
            "phonenumber": "921-128-4544",
            "skills": "Digital Marketing, Robotics"
        },
        {
            "uid": 49,
            "name": "Kimberly Brown",
            "position": "Commercial horticulturist",
            "ssn": "462-08-5835",
            "address": "366 Lynch Islands Suite 596, Davidton, OR 21183",
            "email": "donald42@example.com",
            "phonenumber": "134-197-0020",
            "skills": "E-commerce Management, Digital Marketing, Public Speaking, Search Engine Optimization (SEO)"
        },
        {
            "uid": 50,
            "name": "Lori Bryant",
            "position": "Geophysical data processor",
            "ssn": "213-38-8197",
            "address": "287 Mercedes Walks Apt. 065, Ortegamouth, PR 74178",
            "email": "victoriabarber@example.org",
            "phonenumber": "835-074-7013",
            "skills": "Copywriting"
        },
        {
            "uid": 51,
            "name": "Kimberly Spencer",
            "position": "Therapist, horticultural",
            "ssn": "518-94-3856",
            "address": "6822 Mathew Mission Suite 083, Gardnerside, OR 32245",
            "email": "charlestaylor@example.org",
            "phonenumber": "579-679-6957",
            "skills": "Python, Foreign Language Translation, HTML"
        },
        {
            "uid": 52,
            "name": "Mrs. Ashley Murphy",
            "position": "Travel agency manager",
            "ssn": "523-79-2551",
            "address": "341 Marilyn Plaza Suite 983, Kellyville, NM 37311",
            "email": "iforbes@example.com",
            "phonenumber": "986-924-0470",
            "skills": "Machine Learning, Graphic Design"
        },
        {
            "uid": 53,
            "name": "Julie Hull",
            "position": "Education officer, environmental",
            "ssn": "736-77-4770",
            "address": "USS Johnson, FPO AA 67646",
            "email": "wlopez@example.com",
            "phonenumber": "709-629-0598",
            "skills": "Floral Design, Swimming"
        },
        {
            "uid": 54,
            "name": "Theresa Orozco",
            "position": "Site engineer",
            "ssn": "721-30-2352",
            "address": "1792 Miller Squares Apt. 150, Mitchellburgh, ND 47568",
            "email": "vjones@example.net",
            "phonenumber": "576-796-5735",
            "skills": "3D Modeling, HTML, Machine Learning, Graphic Design, Game Development"
        },
        {
            "uid": 55,
            "name": "Kimberly Snyder",
            "position": "Chemical engineer",
            "ssn": "565-44-5939",
            "address": "543 Casey Lane, Thomasburgh, FL 41023",
            "email": "kylielawson@example.com",
            "phonenumber": "845-193-4032",
            "skills": "Fishing, R, Graphic Design"
        },
        {
            "uid": 56,
            "name": "Colin Cline",
            "position": "Restaurant manager, fast food",
            "ssn": "043-38-5787",
            "address": "PSC 9607, Box 0713, APO AP 24374",
            "email": "masonrobert@example.net",
            "phonenumber": "866-993-4687",
            "skills": "Fishing, Event Planning, R, SQL"
        },
        {
            "uid": 57,
            "name": "Dawn Lara",
            "position": "Engineer, electrical",
            "ssn": "036-41-2176",
            "address": "58535 Barry Island Suite 363, Watsonland, AS 33985",
            "email": "ohunter@example.org",
            "phonenumber": "784-404-2704",
            "skills": "E-commerce Management, Cloud Computing, R, Digital Marketing, Game Development"
        },
        {
            "uid": 58,
            "name": "Dawn Odonnell",
            "position": "Warehouse manager",
            "ssn": "483-82-0599",
            "address": "441 Burnett Pines Suite 964, Port Peter, IN 28466",
            "email": "michellegreen@example.org",
            "phonenumber": "186-086-6321",
            "skills": "JavaScript, Foreign Language Translation, Data Analysis, Fishing"
        },
        {
            "uid": 59,
            "name": "Kathy Lara DVM",
            "position": "Accountant, chartered",
            "ssn": "730-71-3172",
            "address": "8781 Joanne Forest, North Rebecca, MO 12455",
            "email": "mallen@example.net",
            "phonenumber": "435-383-6092",
            "skills": "Music Production"
        },
        {
            "uid": 60,
            "name": "Joshua Murphy",
            "position": "Music therapist",
            "ssn": "467-92-5021",
            "address": "86469 Stevens Fords Suite 300, Meganport, PW 89103",
            "email": "cruzmichael@example.com",
            "phonenumber": "484-826-7869",
            "skills": "Copywriting, SQL, 3D Modeling"
        },
        {
            "uid": 61,
            "name": "Ruben Dunlap",
            "position": "Field seismologist",
            "ssn": "898-17-3650",
            "address": "4364 Don Brook Suite 329, Desireeberg, NY 49200",
            "email": "woodjohn@example.org",
            "phonenumber": "362-079-5143",
            "skills": "Photography, Python"
        },
        {
            "uid": 62,
            "name": "Jessica Davis",
            "position": "International aid/development worker",
            "ssn": "788-73-5829",
            "address": "19231 Higgins Expressway, Beckborough, FL 69231",
            "email": "jason81@example.org",
            "phonenumber": "252-625-9568",
            "skills": "Floral Design, Sailing, Game Development, E-commerce Management"
        },
        {
            "uid": 63,
            "name": "Justin Rasmussen",
            "position": "Surveyor, mining",
            "ssn": "768-52-9604",
            "address": "11595 Woods Avenue, Davidshire, CA 95807",
            "email": "santiagosteve@example.net",
            "phonenumber": "022-440-8837",
            "skills": "Floral Design, Photography"
        },
        {
            "uid": 64,
            "name": "Kristen Anderson",
            "position": "Insurance account manager",
            "ssn": "140-25-5545",
            "address": "966 Scott Forges, New John, MH 27007",
            "email": "christophersandoval@example.net",
            "phonenumber": "430-301-5854",
            "skills": "Python, Cloud Computing"
        },
        {
            "uid": 65,
            "name": "Andrew Nelson",
            "position": "Town planner",
            "ssn": "586-26-4308",
            "address": "7361 Rachel Passage, Lake Matthewport, PA 30008",
            "email": "guerreronicholas@example.net",
            "phonenumber": "193-630-9258",
            "skills": "Machine Learning, R, Floral Design, Sailing, SQL"
        },
        {
            "uid": 66,
            "name": "Beth Daniels",
            "position": "Occupational therapist",
            "ssn": "204-06-4465",
            "address": "70737 Kevin Stravenue, Moorefort, MP 71544",
            "email": "ngarcia@example.com",
            "phonenumber": "132-161-8758",
            "skills": "Game Development, Sailing, Music Production"
        },
        {
            "uid": 67,
            "name": "Kevin Bond",
            "position": "Pharmacist, hospital",
            "ssn": "074-65-6757",
            "address": "04275 Jeffrey Divide Apt. 407, Howehaven, IN 04943",
            "email": "jenniferali@example.net",
            "phonenumber": "129-691-7365",
            "skills": "Foreign Language Translation, Public Speaking"
        },
        {
            "uid": 68,
            "name": "Tina Richards",
            "position": "Producer, radio",
            "ssn": "843-09-5902",
            "address": "4281 Stevenson Road Apt. 784, New Kimberlyfort, IL 01037",
            "email": "dustinjones@example.org",
            "phonenumber": "200-668-7931",
            "skills": "Graphic Design, Mobile App Development"
        },
        {
            "uid": 69,
            "name": "Brett Collins",
            "position": "Politician's assistant",
            "ssn": "766-81-0284",
            "address": "4957 Gomez Lodge Apt. 451, Port Edward, NM 88253",
            "email": "alexanderbenson@example.org",
            "phonenumber": "597-710-0892",
            "skills": "Photography, JavaScript, R, Graphic Design"
        },
        {
            "uid": 70,
            "name": "Kristin Hogan",
            "position": "Armed forces logistics/support/administrative officer",
            "ssn": "812-30-9322",
            "address": "61027 Tanya Pine, Jasonmouth, MI 05122",
            "email": "franklin65@example.com",
            "phonenumber": "485-461-6336",
            "skills": "Floral Design, Fishing, Photography, Public Speaking"
        },
        {
            "uid": 71,
            "name": "Kenneth Hale",
            "position": "Purchasing manager",
            "ssn": "600-70-9029",
            "address": "918 Sullivan Walk, New Carlos, FM 67566",
            "email": "brian39@example.net",
            "phonenumber": "878-872-4971",
            "skills": "Music Production, Game Development"
        },
        {
            "uid": 72,
            "name": "Dylan Vazquez",
            "position": "Designer, graphic",
            "ssn": "673-17-1291",
            "address": "2938 Melissa Groves, Lake Max, KY 96934",
            "email": "jennifernewton@example.net",
            "phonenumber": "433-851-6086",
            "skills": "Copywriting, Network Security, Music Production, Search Engine Optimization (SEO)"
        },
        {
            "uid": 73,
            "name": "James Hall",
            "position": "Risk manager",
            "ssn": "393-73-2956",
            "address": "PSC 6124, Box 1802, APO AP 01077",
            "email": "danabarber@example.com",
            "phonenumber": "097-765-7801",
            "skills": "Game Development, Mobile App Development, HTML, Photography, SQL"
        },
        {
            "uid": 74,
            "name": "John Kidd",
            "position": "Waste management officer",
            "ssn": "693-60-6814",
            "address": "51428 Michael Key, Brendaport, MD 00855",
            "email": "ericmurphy@example.com",
            "phonenumber": "768-217-7856",
            "skills": "Network Security"
        },
        {
            "uid": 75,
            "name": "Shannon Griffin",
            "position": "Manufacturing systems engineer",
            "ssn": "296-24-3899",
            "address": "414 Ramirez Drive, West Jessica, CT 27454",
            "email": "christopher18@example.net",
            "phonenumber": "213-652-5359",
            "skills": "CSS, Machine Learning"
        },
        {
            "uid": 76,
            "name": "William Johnson",
            "position": "Heritage manager",
            "ssn": "575-21-0963",
            "address": "50425 Kerr Estates, North Alexander, CO 01234",
            "email": "lunakayla@example.com",
            "phonenumber": "528-693-3661",
            "skills": "E-commerce Management, Event Planning, Boating, HTML, Cloud Computing"
        },
        {
            "uid": 77,
            "name": "Jessica Anderson",
            "position": "Location manager",
            "ssn": "317-69-0245",
            "address": "7285 Robinson Park, Larsenville, VI 03342",
            "email": "smithtrevor@example.com",
            "phonenumber": "611-076-7557",
            "skills": "Game Development"
        },
        {
            "uid": 78,
            "name": "Nicholas Vargas",
            "position": "Agricultural consultant",
            "ssn": "127-33-5386",
            "address": "PSC 7550, Box 1281, APO AE 41481",
            "email": "megan63@example.org",
            "phonenumber": "529-876-7475",
            "skills": "Graphic Design, Sailing, Network Security"
        },
        {
            "uid": 79,
            "name": "Alicia Ward",
            "position": "Hospital pharmacist",
            "ssn": "025-22-0158",
            "address": "60846 Baird Cliffs, North Scottstad, ID 69025",
            "email": "thompsoncorey@example.net",
            "phonenumber": "637-336-7556",
            "skills": "Copywriting, Game Development, R, CSS"
        },
        {
            "uid": 80,
            "name": "Robert Ray",
            "position": "Recycling officer",
            "ssn": "233-01-7417",
            "address": "99839 Jacob Forks, Nancyhaven, OR 57215",
            "email": "zachary57@example.org",
            "phonenumber": "679-225-3082",
            "skills": "E-commerce Management, Graphic Design, Boating, Python, Mobile App Development"
        },
        {
            "uid": 81,
            "name": "Brenda Luna",
            "position": "Building control surveyor",
            "ssn": "217-49-7864",
            "address": "7311 Johnny Mews Apt. 301, North Benjamin, MD 42507",
            "email": "christinefoster@example.net",
            "phonenumber": "269-433-7325",
            "skills": "SQL, Foreign Language Translation, Robotics"
        },
        {
            "uid": 82,
            "name": "Tiffany Brooks",
            "position": "Air traffic controller",
            "ssn": "716-12-2764",
            "address": "8479 Jones Meadow Apt. 167, Murilloborough, OH 82285",
            "email": "hgarcia@example.com",
            "phonenumber": "107-703-6008",
            "skills": "R, 3D Modeling, Game Development, Sailing, Boating"
        },
        {
            "uid": 83,
            "name": "Sean Mooney",
            "position": "Occupational therapist",
            "ssn": "449-25-3600",
            "address": "Unit 6544 Box 8018, DPO AP 24080",
            "email": "justin51@example.org",
            "phonenumber": "436-261-2329",
            "skills": "Sailing, Event Planning"
        },
        {
            "uid": 84,
            "name": "Shawn Williams",
            "position": "Health visitor",
            "ssn": "595-58-8382",
            "address": "USCGC Collins, FPO AP 73357",
            "email": "seanmckinney@example.org",
            "phonenumber": "952-083-3790",
            "skills": "Graphic Design, Public Speaking, Digital Marketing"
        },
        {
            "uid": 85,
            "name": "Anthony Pugh",
            "position": "Location manager",
            "ssn": "535-22-4212",
            "address": "PSC 7408, Box 5084, APO AE 34136",
            "email": "nguyenwillie@example.net",
            "phonenumber": "277-183-0227",
            "skills": "Public Speaking, Copywriting, Search Engine Optimization (SEO), E-commerce Management, SQL"
        },
        {
            "uid": 86,
            "name": "Michael Webster",
            "position": "Advertising art director",
            "ssn": "362-37-9699",
            "address": "PSC 6661, Box 5658, APO AP 93750",
            "email": "carol96@example.org",
            "phonenumber": "434-431-5552",
            "skills": "Music Production, E-commerce Management"
        },
        {
            "uid": 87,
            "name": "Angela Dyer",
            "position": "Banker",
            "ssn": "710-62-3666",
            "address": "2823 Cooper Road, Port Bruce, GA 79968",
            "email": "jessica30@example.net",
            "phonenumber": "735-379-1194",
            "skills": "Music Production, Graphic Design"
        },
        {
            "uid": 88,
            "name": "Lisa Leonard",
            "position": "Estate manager/land agent",
            "ssn": "207-84-8599",
            "address": "19674 Foster Fork, Whiteland, IN 14101",
            "email": "nancy81@example.org",
            "phonenumber": "338-292-6704",
            "skills": "Photography, Graphic Design"
        },
        {
            "uid": 89,
            "name": "Sherry Hudson",
            "position": "Accountant, chartered",
            "ssn": "465-16-8790",
            "address": "PSC 3248, Box 6919, APO AA 61559",
            "email": "owensangela@example.com",
            "phonenumber": "010-722-8041",
            "skills": "Game Development"
        },
        {
            "uid": 90,
            "name": "Luis Collins",
            "position": "Civil Service administrator",
            "ssn": "651-24-0782",
            "address": "5620 Caroline Square Apt. 125, Mcmahonberg, MP 39493",
            "email": "lgarcia@example.org",
            "phonenumber": "886-713-0159",
            "skills": "Graphic Design"
        },
        {
            "uid": 91,
            "name": "Jaime Serrano",
            "position": "Ceramics designer",
            "ssn": "120-73-2355",
            "address": "941 Kimberly Track Apt. 205, Lake Derrickview, DE 18890",
            "email": "suarezbradley@example.net",
            "phonenumber": "076-075-5728",
            "skills": "Music Production, Graphic Design, Floral Design, Foreign Language Translation"
        },
        {
            "uid": 92,
            "name": "Angela Johnson",
            "position": "Facilities manager",
            "ssn": "709-23-4109",
            "address": "384 Bobby Landing Suite 648, Lake Lisabury, IN 29161",
            "email": "phillipmoore@example.org",
            "phonenumber": "673-850-2482",
            "skills": "Fishing, CSS, Public Speaking, Cloud Computing"
        },
        {
            "uid": 93,
            "name": "Andrew Buck",
            "position": "IT trainer",
            "ssn": "672-53-5976",
            "address": "24673 Bender Forks, Beanfurt, PW 13830",
            "email": "brianhunter@example.com",
            "phonenumber": "362-112-8390",
            "skills": "Public Speaking, Swimming"
        },
        {
            "uid": 94,
            "name": "Troy Wilson",
            "position": "Nurse, learning disability",
            "ssn": "558-81-1770",
            "address": "64105 Matthews Wells Apt. 584, Collinsmouth, MN 34106",
            "email": "christopher72@example.org",
            "phonenumber": "888-664-2051",
            "skills": "Digital Marketing, Python, Game Development, Cloud Computing"
        },
        {
            "uid": 95,
            "name": "Bobby Smith",
            "position": "Tourism officer",
            "ssn": "487-78-0660",
            "address": "15365 Buck Grove, Port Marthaview, HI 64293",
            "email": "uellis@example.org",
            "phonenumber": "289-547-4513",
            "skills": "Mobile App Development, Cloud Computing, Graphic Design"
        },
        {
            "uid": 96,
            "name": "Kevin Long",
            "position": "Geneticist, molecular",
            "ssn": "856-57-3872",
            "address": "58268 Miller Spurs, Stantonchester, ME 20657",
            "email": "wallsjacob@example.com",
            "phonenumber": "624-493-1390",
            "skills": "Data Analysis"
        },
        {
            "uid": 97,
            "name": "Joshua Miller",
            "position": "Surveyor, minerals",
            "ssn": "285-96-2287",
            "address": "94230 Michelle Valleys Apt. 175, Martinshire, AS 94066",
            "email": "showell@example.org",
            "phonenumber": "253-564-5799",
            "skills": "JavaScript, HTML"
        },
        {
            "uid": 98,
            "name": "Kayla Young",
            "position": "Wellsite geologist",
            "ssn": "812-54-9304",
            "address": "411 Ryan Ridges Suite 597, Lake Evanport, CA 34162",
            "email": "uwilliams@example.net",
            "phonenumber": "177-500-5315",
            "skills": "Cloud Computing, JavaScript, Sailing, Machine Learning"
        },
        {
            "uid": 99,
            "name": "Joel Floyd",
            "position": "Scientist, research (maths)",
            "ssn": "753-96-1532",
            "address": "0313 Glass Land Suite 715, Jamieland, OK 31380",
            "email": "bwalker@example.com",
            "phonenumber": "023-793-9471",
            "skills": "Sailing, CSS, 3D Modeling, Graphic Design, Digital Marketing"
        },
        {
            "uid": 100,
            "name": "Daniel Medina",
            "position": "Operational researcher",
            "ssn": "358-92-6347",
            "address": "788 Mckinney Terrace Apt. 004, Taylormouth, MA 76976",
            "email": "michael45@example.com",
            "phonenumber": "362-304-6701",
            "skills": "Photography, E-commerce Management"
        },
        {
            "uid": 101,
            "name": "Kevin Riley",
            "position": "Designer, exhibition/display",
            "ssn": "394-87-6586",
            "address": "PSC 0669, Box 1567, APO AP 05358",
            "email": "meganyoung@example.net",
            "phonenumber": "381-718-9665",
            "skills": "E-commerce Management, Photography"
        },
        {
            "uid": 102,
            "name": "Jeffrey Bautista",
            "position": "Furniture conservator/restorer",
            "ssn": "825-66-0688",
            "address": "27411 Rodriguez Rapids Suite 401, New Juan, KY 98451",
            "email": "rebecca15@example.net",
            "phonenumber": "996-969-3985",
            "skills": "Boating, Swimming, HTML, Public Speaking, Foreign Language Translation"
        },
        {
            "uid": 103,
            "name": "Michael Heath",
            "position": "Fashion designer",
            "ssn": "574-81-9669",
            "address": "371 Jones Drives, Gregorychester, KS 80087",
            "email": "mckeemark@example.org",
            "phonenumber": "391-882-7665",
            "skills": "JavaScript, Data Analysis, Python, 3D Modeling, HTML"
        }
    ]
}