[
    {
        "id": "909e7ec6-b8cf-47f5-b069-adeaf365c3aa",
        "items": [],
        "delivery_option": "",
        "timestamp": "2023-11-19 23:06:41"
    },
    {
        "id": "735073c3-0315-4cf9-9be6-38c2bb7cdd15",
        "items": [
            {
                "planet": "Earth",
                "mineral": "Gold",
                "count": 1
            }
        ],
        "delivery_option": "Express: 1 week",
        "timestamp": "2023-11-19 23:09:42"
    },
    {
        "id": "48a2c7be",
        "items": [
            {
                "planet": "Mercury",
                "mineral": "Iron",
                "count": 1
            }
        ],
        "delivery_option": "Express: 1 week\n Cost: 25 million credits",
        "timestamp": "2023-11-20 00:11:29"
    },
    {
        "id": "4b5a987e",
        "items": [
            {
                "planet": "Mercury",
                "mineral": "Silicate",
                "count": 1
            }
        ],
        "delivery_option": "Economy: 2 months\nCost: 10 million credits",
        "timestamp": "2023-11-20 00:14:27"
    },
    {
        "id": "ce509139",
        "items": [
            {
                "planet": "Mars",
                "mineral": "Platinum",
                "count": 1
            }
        ],
        "delivery_option": "Economy: 2 months\nCost: 10 million credits",
        "timestamp": "2023-11-20 00:17:50"
    },
    {
        "id": "177836f2",
        "items": [],
        "delivery_option": "Express: 1 week\nshipping Cost: 25 million credits",
        "timestamp": "2023-11-20 03:36:12"
    },
    {
        "id": "a40b7a09",
        "items": [
            {
                "planet": "Mercury",
                "mineral": "Iron",
                "count": 1
            },
            {
                "planet": "Mercury",
                "mineral": "Silicate",
                "count": 1
            }
        ],
        "delivery_option": "Economy: 2 months\nshipping Cost: 10 million credits",
        "timestamp": "2023-11-20 17:19:43"
    },
    {
        "id": "b779f06b",
        "items": [
            {
                "planet": "Mercury",
                "mineral": "Iron",
                "count": 1
            }
        ],
        "delivery_option": "Economy: 2 months\nshipping Cost: 10 million credits",
        "timestamp": "2023-11-20 17:47:51"
    }
]